incident_id,created_at,title,description,severity,status,system_area,customer_impact
INC-1000,2026-05-01T08:00:00,Login incident pattern 1,Login failures after deployment observed in region US-EAST. Error signature 0 with intermittent behavior.,low,open,auth-service,Users unable to sign in after v2.14 deploy
INC-1001,2026-05-01T14:00:00,Payment incident pattern 2,Payment processing errors observed in region US-WEST. Error signature 1 with intermittent behavior.,critical,investigating,payment-gateway,Checkout failures and duplicate charge retries
INC-1002,2026-05-01T20:00:00,Document incident pattern 3,Document extraction failures observed in region EU. Error signature 2 with intermittent behavior.,high,mitigated,doc-ai-pipeline,Uploaded PDFs fail OCR extraction
INC-1003,2026-05-02T02:00:00,Api incident pattern 4,Api timeout spikes observed in region APAC. Error signature 3 with intermittent behavior.,medium,resolved,public-api,Partner integrations timing out at peak load
INC-1004,2026-05-02T08:00:00,Notification incident pattern 5,Notification delivery failures observed in region US-EAST. Error signature 4 with intermittent behavior.,low,open,notification-service,Email/SMS alerts delayed or dropped
INC-1005,2026-05-02T14:00:00,Permission/Access incident pattern 6,Permission/access issues observed in region US-WEST. Error signature 0 with intermittent behavior.,critical,investigating,iam-platform,Users denied access to previously available resources
INC-1006,2026-05-02T20:00:00,Login incident pattern 7,Login failures after deployment observed in region EU. Error signature 1 with intermittent behavior.,high,mitigated,auth-service,Users unable to sign in after v2.14 deploy
INC-1007,2026-05-03T02:00:00,Payment incident pattern 8,Payment processing errors observed in region APAC. Error signature 2 with intermittent behavior.,medium,resolved,payment-gateway,Checkout failures and duplicate charge retries
INC-1008,2026-05-03T08:00:00,Document incident pattern 1,Document extraction failures observed in region US-EAST. Error signature 3 with intermittent behavior.,low,open,doc-ai-pipeline,Uploaded PDFs fail OCR extraction
INC-1009,2026-05-03T14:00:00,Api incident pattern 2,Api timeout spikes observed in region US-WEST. Error signature 4 with intermittent behavior.,critical,investigating,public-api,Partner integrations timing out at peak load
INC-1010,2026-05-03T20:00:00,Notification incident pattern 3,Notification delivery failures observed in region EU. Error signature 0 with intermittent behavior.,high,mitigated,notification-service,Email/SMS alerts delayed or dropped
INC-1011,2026-05-04T02:00:00,Permission/Access incident pattern 4,Permission/access issues observed in region APAC. Error signature 1 with intermittent behavior.,medium,resolved,iam-platform,Users denied access to previously available resources
INC-1012,2026-05-04T08:00:00,Login incident pattern 5,Login failures after deployment observed in region US-EAST. Error signature 2 with intermittent behavior.,low,open,auth-service,Users unable to sign in after v2.14 deploy
INC-1013,2026-05-04T14:00:00,Payment incident pattern 6,Payment processing errors observed in region US-WEST. Error signature 3 with intermittent behavior.,critical,investigating,payment-gateway,Checkout failures and duplicate charge retries
INC-1014,2026-05-04T20:00:00,Document incident pattern 7,Document extraction failures observed in region EU. Error signature 4 with intermittent behavior.,high,mitigated,doc-ai-pipeline,Uploaded PDFs fail OCR extraction
INC-1015,2026-05-05T02:00:00,Api incident pattern 8,Api timeout spikes observed in region APAC. Error signature 0 with intermittent behavior.,medium,resolved,public-api,Partner integrations timing out at peak load
INC-1016,2026-05-05T08:00:00,Notification incident pattern 1,Notification delivery failures observed in region US-EAST. Error signature 1 with intermittent behavior.,low,open,notification-service,Email/SMS alerts delayed or dropped
INC-1017,2026-05-05T14:00:00,Permission/Access incident pattern 2,Permission/access issues observed in region US-WEST. Error signature 2 with intermittent behavior.,critical,investigating,iam-platform,Users denied access to previously available resources
INC-1018,2026-05-05T20:00:00,Login incident pattern 3,Login failures after deployment observed in region EU. Error signature 3 with intermittent behavior.,high,mitigated,auth-service,Users unable to sign in after v2.14 deploy
INC-1019,2026-05-06T02:00:00,Payment incident pattern 4,Payment processing errors observed in region APAC. Error signature 4 with intermittent behavior.,medium,resolved,payment-gateway,Checkout failures and duplicate charge retries
INC-1020,2026-05-06T08:00:00,Document incident pattern 5,Document extraction failures observed in region US-EAST. Error signature 0 with intermittent behavior.,low,open,doc-ai-pipeline,Uploaded PDFs fail OCR extraction
INC-1021,2026-05-06T14:00:00,Api incident pattern 6,Api timeout spikes observed in region US-WEST. Error signature 1 with intermittent behavior.,critical,investigating,public-api,Partner integrations timing out at peak load
INC-1022,2026-05-06T20:00:00,Notification incident pattern 7,Notification delivery failures observed in region EU. Error signature 2 with intermittent behavior.,high,mitigated,notification-service,Email/SMS alerts delayed or dropped
INC-1023,2026-05-07T02:00:00,Permission/Access incident pattern 8,Permission/access issues observed in region APAC. Error signature 3 with intermittent behavior.,medium,resolved,iam-platform,Users denied access to previously available resources
INC-1024,2026-05-07T08:00:00,Login incident pattern 1,Login failures after deployment observed in region US-EAST. Error signature 4 with intermittent behavior.,low,open,auth-service,Users unable to sign in after v2.14 deploy
INC-1025,2026-05-07T14:00:00,Payment incident pattern 2,Payment processing errors observed in region US-WEST. Error signature 0 with intermittent behavior.,critical,investigating,payment-gateway,Checkout failures and duplicate charge retries
INC-1026,2026-05-07T20:00:00,Document incident pattern 3,Document extraction failures observed in region EU. Error signature 1 with intermittent behavior.,high,mitigated,doc-ai-pipeline,Uploaded PDFs fail OCR extraction
INC-1027,2026-05-08T02:00:00,Api incident pattern 4,Api timeout spikes observed in region APAC. Error signature 2 with intermittent behavior.,medium,resolved,public-api,Partner integrations timing out at peak load
INC-1028,2026-05-08T08:00:00,Notification incident pattern 5,Notification delivery failures observed in region US-EAST. Error signature 3 with intermittent behavior.,low,open,notification-service,Email/SMS alerts delayed or dropped
INC-1029,2026-05-08T14:00:00,Permission/Access incident pattern 6,Permission/access issues observed in region US-WEST. Error signature 4 with intermittent behavior.,critical,investigating,iam-platform,Users denied access to previously available resources
INC-1030,2026-05-08T20:00:00,Login incident pattern 7,Login failures after deployment observed in region EU. Error signature 0 with intermittent behavior.,high,mitigated,auth-service,Users unable to sign in after v2.14 deploy
INC-1031,2026-05-09T02:00:00,Payment incident pattern 8,Payment processing errors observed in region APAC. Error signature 1 with intermittent behavior.,medium,resolved,payment-gateway,Checkout failures and duplicate charge retries
INC-1032,2026-05-09T08:00:00,Document incident pattern 1,Document extraction failures observed in region US-EAST. Error signature 2 with intermittent behavior.,low,open,doc-ai-pipeline,Uploaded PDFs fail OCR extraction
INC-1033,2026-05-09T14:00:00,Api incident pattern 2,Api timeout spikes observed in region US-WEST. Error signature 3 with intermittent behavior.,critical,investigating,public-api,Partner integrations timing out at peak load
INC-1034,2026-05-09T20:00:00,Notification incident pattern 3,Notification delivery failures observed in region EU. Error signature 4 with intermittent behavior.,high,mitigated,notification-service,Email/SMS alerts delayed or dropped
INC-1035,2026-05-10T02:00:00,Permission/Access incident pattern 4,Permission/access issues observed in region APAC. Error signature 0 with intermittent behavior.,medium,resolved,iam-platform,Users denied access to previously available resources
INC-1036,2026-05-10T08:00:00,Login incident pattern 5,Login failures after deployment observed in region US-EAST. Error signature 1 with intermittent behavior.,low,open,auth-service,Users unable to sign in after v2.14 deploy
INC-1037,2026-05-10T14:00:00,Payment incident pattern 6,Payment processing errors observed in region US-WEST. Error signature 2 with intermittent behavior.,critical,investigating,payment-gateway,Checkout failures and duplicate charge retries
INC-1038,2026-05-10T20:00:00,Document incident pattern 7,Document extraction failures observed in region EU. Error signature 3 with intermittent behavior.,high,mitigated,doc-ai-pipeline,Uploaded PDFs fail OCR extraction
INC-1039,2026-05-11T02:00:00,Api incident pattern 8,Api timeout spikes observed in region APAC. Error signature 4 with intermittent behavior.,medium,resolved,public-api,Partner integrations timing out at peak load
INC-1040,2026-05-11T08:00:00,Notification incident pattern 1,Notification delivery failures observed in region US-EAST. Error signature 0 with intermittent behavior.,low,open,notification-service,Email/SMS alerts delayed or dropped
INC-1041,2026-05-11T14:00:00,Permission/Access incident pattern 2,Permission/access issues observed in region US-WEST. Error signature 1 with intermittent behavior.,critical,investigating,iam-platform,Users denied access to previously available resources
INC-1042,2026-05-11T20:00:00,Login incident pattern 3,Login failures after deployment observed in region EU. Error signature 2 with intermittent behavior.,high,mitigated,auth-service,Users unable to sign in after v2.14 deploy
INC-1043,2026-05-12T02:00:00,Payment incident pattern 4,Payment processing errors observed in region APAC. Error signature 3 with intermittent behavior.,medium,resolved,payment-gateway,Checkout failures and duplicate charge retries
INC-1044,2026-05-12T08:00:00,Document incident pattern 5,Document extraction failures observed in region US-EAST. Error signature 4 with intermittent behavior.,low,open,doc-ai-pipeline,Uploaded PDFs fail OCR extraction
INC-1045,2026-05-12T14:00:00,Api incident pattern 6,Api timeout spikes observed in region US-WEST. Error signature 0 with intermittent behavior.,critical,investigating,public-api,Partner integrations timing out at peak load
INC-1046,2026-05-12T20:00:00,Notification incident pattern 7,Notification delivery failures observed in region EU. Error signature 1 with intermittent behavior.,high,mitigated,notification-service,Email/SMS alerts delayed or dropped
INC-1047,2026-05-13T02:00:00,Permission/Access incident pattern 8,Permission/access issues observed in region APAC. Error signature 2 with intermittent behavior.,medium,resolved,iam-platform,Users denied access to previously available resources
